attack_success_rate,clean_accuracy,clean_macro_f1,detector,evaluated_samples,prediction_stability,robust_min_macro_f1,transformation,transformed_accuracy,transformed_classes_below_f1_050,transformed_classes_below_f1_080,transformed_macro_f1,transformed_worst_class_f1
0.0,0.8604026845637583,0.5952271492456221,pe_feature_centroid,1490.0,1.0,0.5952271492456221,append_overlay,0.8604026845637583,1.0,1.0,0.5952271492456221,0.26760563380281693
0.0008244023083264633,0.8140939597315436,0.6728672327467247,byte_histogram_centroid,1490.0,0.9993288590604027,0.6711756767484323,append_overlay,0.8134228187919463,1.0,1.0,0.6711756767484323,0.4549019607843138
0.0,0.8604026845637583,0.5952271492456221,hybrid_centroid,1490.0,1.0,0.5952271492456221,append_overlay,0.8604026845637583,1.0,1.0,0.5952271492456221,0.26760563380281693
0.0,0.9919463087248322,0.9772199119373777,byte_histogram_logistic,1490.0,1.0,0.9772199119373777,append_overlay,0.9919463087248322,0.0,0.0,0.9772199119373777,0.9589041095890412
0.0,0.99322951929587,0.9808817438127784,byte_histogram_logistic,1477.0,1.0,0.9808817438127784,section_slack,0.99322951929587,0.0,0.0,0.9808817438127784,0.9655172413793104
