f1,label,precision,recall,support
0.8745762711864407,benign,0.8835616438356164,0.8657718120805369,149
0.8754208754208754,malware,0.8666666666666667,0.8843537414965986,147
