attack_success_rate,clean_macro_f1,detector,evaluated_samples,prediction_stability,robust_min_macro_f1,transformation,transformed_macro_f1,transformed_worst_class_f1
0.0,0.40238499862012866,pe_feature_centroid,296.0,1.0,0.40238499862012866,append_overlay,0.40238499862012866,0.12578616352201258
0.009852216748768473,0.6839023045919597,byte_histogram_centroid,296.0,0.9932432432432432,0.6767481693508524,append_overlay,0.6767481693508524,0.6494464944649447
0.0,0.40238499862012866,hybrid_centroid,296.0,1.0,0.40238499862012866,append_overlay,0.40238499862012866,0.12578616352201258
0.0,0.874998573303658,byte_histogram_logistic,296.0,1.0,0.874998573303658,append_overlay,0.874998573303658,0.8745762711864407
0.0,0.376566004013017,pe_feature_centroid,266.0,1.0,0.376566004013017,section_slack,0.376566004013017,0.12578616352201258
0.011111111111111112,0.6766917293233082,byte_histogram_centroid,266.0,0.9887218045112782,0.6728907232815525,section_slack,0.6728907232815525,0.6692015209125475
0.0,0.376566004013017,hybrid_centroid,266.0,1.0,0.376566004013017,section_slack,0.376566004013017,0.12578616352201258
0.0,0.8631452581032413,byte_histogram_logistic,266.0,1.0,0.8631452581032413,section_slack,0.8631452581032413,0.8487394957983193
