f1,label,precision,recall,support
0.8775510204081632,benign,0.8896551724137931,0.8657718120805369,149
0.8487394957983193,malware,0.8347107438016529,0.8632478632478633,117
