f1,label,precision,recall,support
0.8952635090060039,benign,0.8958611481975968,0.8946666666666667,750
0.8947015425888665,malware,0.8941018766756033,0.8953020134228188,745
