f1,label,precision,recall,support
0.8978779840848806,benign,0.8931398416886543,0.9026666666666666,750
0.8960863697705804,malware,0.9009497964721845,0.8912751677852349,745
