attack_success_rate,clean_macro_f1,detector,evaluated_samples,prediction_stability,robust_min_macro_f1,transformation,transformed_macro_f1,transformed_worst_class_f1
0.0,0.3824544679867701,pe_feature_centroid,1495.0,1.0,0.3824544679867701,append_overlay,0.3824544679867701,0.089171974522293
0.004873294346978557,0.6854313326373377,byte_histogram_centroid,1495.0,0.9939799331103679,0.6845504467877255,append_overlay,0.6845504467877255,0.6661931818181818
0.0,0.3824544679867701,hybrid_centroid,1495.0,1.0,0.3824544679867701,append_overlay,0.3824544679867701,0.089171974522293
0.0044742729306487695,0.8969821769277305,byte_histogram_logistic,1495.0,0.9939799331103679,0.8949825257974352,append_overlay,0.8949825257974352,0.8947015425888665
0.0,0.3530730669782348,pe_feature_centroid,1327.0,1.0,0.3530730669782348,section_slack,0.3530730669782348,0.08494208494208494
0.028921023359288096,0.6770966465480777,byte_histogram_centroid,1327.0,0.975885455915599,0.662363979190804,section_slack,0.662363979190804,0.6590563165905632
0.0,0.3530730669782348,hybrid_centroid,1327.0,1.0,0.3530730669782348,section_slack,0.3530730669782348,0.08494208494208494
0.0016906170752324597,0.8898221822459005,byte_histogram_logistic,1327.0,0.9969856819894499,0.8898221822459005,section_slack,0.8899039436567784,0.8767123287671234
