comparison,metric,point,ci_low,ci_high,bootstrap_samples,seed
clean_minus_append,macro_f1_delta,0.0019996511302950992,-0.0015156520807706791,0.005995782364819801,2000,1337
clean_minus_slack,macro_f1_delta,-8.176141087790079e-05,-0.0031626454319477497,0.002933670147093467,2000,1337
append_minus_slack,macro_f1_delta,-0.0021962794678379582,-0.005903643673972797,0.0008498602496431084,2000,1337
