f1,label,precision,recall,support
0.9030955585464334,benign,0.9043126684636119,0.9018817204301075,744
0.8767123287671234,malware,0.8752136752136752,0.8782161234991424,583
